id	title	description	link	image_link	price	availability	condition	brand	mpn	product_type	google_product_category	custom_label_0	custom_label_1	custom_label_2
"acrylic-pmma-laser-cleaning-professionalCleaning"	"Acrylic (PMMA) Laser Cleaning"	""	"https://www.z-beam.com/materials/plastic/thermoplastic/acrylic-pmma-laser-cleaning"	"https://www.z-beam.com/images/material/acrylic-pmma-laser-cleaning-hero.jpg"	"390 USD"	"in stock"	"new"	"Z-Beam"	"ZB-PROF-CLEAN-acrylic-pmma-laser-cleaning"	"plastic > thermoplastic"	"Business & Industrial > Industrial Machinery > Cleaning Equipment"	"Professional Laser Cleaning"	"Hourly Rate: $390/hour"	"Est. Range: $390-$780"
"alabaster-laser-cleaning-professionalCleaning"	"Alabaster Laser Cleaning"	""	"https://www.z-beam.com/materials/stone/sedimentary/alabaster-laser-cleaning"	"https://www.z-beam.com/images/material/alabaster-laser-cleaning-hero.jpg"	"390 USD"	"in stock"	"new"	"Z-Beam"	"ZB-PROF-CLEAN-alabaster-laser-cleaning"	"stone > sedimentary"	"Business & Industrial > Industrial Machinery > Cleaning Equipment"	"Professional Laser Cleaning"	"Hourly Rate: $390/hour"	"Est. Range: $780-$2340"
"alumina-laser-cleaning-professionalCleaning"	"Alumina Laser Cleaning"	""	"https://www.z-beam.com/materials/ceramic/oxide/alumina-laser-cleaning"	"https://www.z-beam.com/images/material/alumina-laser-cleaning-hero.jpg"	"390 USD"	"in stock"	"new"	"Z-Beam"	"ZB-PROF-CLEAN-alumina-laser-cleaning"	"ceramic > oxide"	"Business & Industrial > Industrial Machinery > Cleaning Equipment"	"Professional Laser Cleaning"	"Hourly Rate: $390/hour"	"Est. Range: $390-$1170"
"aluminosilicate-glass-laser-cleaning-professionalCleaning"	"Aluminosilicate Glass Laser Cleaning"	""	"https://www.z-beam.com/materials/glass/specialty/aluminosilicate-glass-laser-cleaning"	"https://www.z-beam.com/images/material/aluminosilicate-glass-laser-cleaning-hero.jpg"	"390 USD"	"in stock"	"new"	"Z-Beam"	"ZB-PROF-CLEAN-aluminosilicate-glass-laser-cleaning"	"glass > specialty"	"Business & Industrial > Industrial Machinery > Cleaning Equipment"	"Professional Laser Cleaning"	"Hourly Rate: $390/hour"	"Est. Range: $390-$1560"
"aluminum-bronze-laser-cleaning-professionalCleaning"	"Aluminum Bronze Laser Cleaning"	""	"https://www.z-beam.com/materials/metal/alloy/aluminum-bronze-laser-cleaning"	"https://www.z-beam.com/images/material/aluminum-bronze-laser-cleaning-hero.jpg"	"390 USD"	"in stock"	"new"	"Z-Beam"	"ZB-PROF-CLEAN-aluminum-bronze-laser-cleaning"	"metal > alloy"	"Business & Industrial > Industrial Machinery > Cleaning Equipment"	"Professional Laser Cleaning"	"Hourly Rate: $390/hour"	"Est. Range: $390-$1560"
"aluminum-laser-cleaning-professionalCleaning"	"Aluminum Laser Cleaning"	""	"https://www.z-beam.com/materials/metal/non-ferrous/aluminum-laser-cleaning"	"https://www.z-beam.com/images/material/aluminum-laser-cleaning-hero.jpg"	"390 USD"	"in stock"	"new"	"Z-Beam"	"ZB-PROF-CLEAN-aluminum-laser-cleaning"	"metal > non-ferrous"	"Business & Industrial > Industrial Machinery > Cleaning Equipment"	"Professional Laser Cleaning"	"Hourly Rate: $390/hour"	"Est. Range: $390-$1170"
"aluminum-nitride-laser-cleaning-professionalCleaning"	"Aluminum Nitride Laser Cleaning"	""	"https://www.z-beam.com/materials/ceramic/technical/aluminum-nitride-laser-cleaning"	"https://www.z-beam.com/images/material/aluminum-nitride-laser-cleaning-hero.jpg"	"390 USD"	"in stock"	"new"	"Z-Beam"	"ZB-PROF-CLEAN-aluminum-nitride-laser-cleaning"	"ceramic > technical"	"Business & Industrial > Industrial Machinery > Cleaning Equipment"	"Professional Laser Cleaning"	"Hourly Rate: $390/hour"	"Est. Range: $390-$1170"
"ash-laser-cleaning-professionalCleaning"	"Ash Laser Cleaning"	""	"https://www.z-beam.com/materials/wood/hardwood/ash-laser-cleaning"	"https://www.z-beam.com/images/material/ash-laser-cleaning-hero.jpg"	"390 USD"	"in stock"	"new"	"Z-Beam"	"ZB-PROF-CLEAN-ash-laser-cleaning"	"wood > hardwood"	"Business & Industrial > Industrial Machinery > Cleaning Equipment"	"Professional Laser Cleaning"	"Hourly Rate: $390/hour"	"Est. Range: $390-$1170"
"bamboo-laser-cleaning-professionalCleaning"	"Bamboo Laser Cleaning"	""	"https://www.z-beam.com/materials/wood/hardwood/bamboo-laser-cleaning"	"https://www.z-beam.com/images/material/bamboo-laser-cleaning-hero.jpg"	"390 USD"	"in stock"	"new"	"Z-Beam"	"ZB-PROF-CLEAN-bamboo-laser-cleaning"	"wood > hardwood"	"Business & Industrial > Industrial Machinery > Cleaning Equipment"	"Professional Laser Cleaning"	"Hourly Rate: $390/hour"	"Est. Range: $390-$1170"
"basalt-laser-cleaning-professionalCleaning"	"Basalt Laser Cleaning"	""	"https://www.z-beam.com/materials/stone/igneous/basalt-laser-cleaning"	"https://www.z-beam.com/images/material/basalt-laser-cleaning-hero.jpg"	"390 USD"	"in stock"	"new"	"Z-Beam"	"ZB-PROF-CLEAN-basalt-laser-cleaning"	"stone > igneous"	"Business & Industrial > Industrial Machinery > Cleaning Equipment"	"Professional Laser Cleaning"	"Hourly Rate: $390/hour"	"Est. Range: $780-$2340"
"beech-laser-cleaning-professionalCleaning"	"Beech Laser Cleaning"	""	"https://www.z-beam.com/materials/wood/hardwood/beech-laser-cleaning"	"https://www.z-beam.com/images/material/beech-laser-cleaning-hero.jpg"	"390 USD"	"in stock"	"new"	"Z-Beam"	"ZB-PROF-CLEAN-beech-laser-cleaning"	"wood > hardwood"	"Business & Industrial > Industrial Machinery > Cleaning Equipment"	"Professional Laser Cleaning"	"Hourly Rate: $390/hour"	"Est. Range: $390-$1170"
"beryllium-laser-cleaning-professionalCleaning"	"Beryllium Laser Cleaning"	""	"https://www.z-beam.com/materials/metal/specialty/beryllium-laser-cleaning"	"https://www.z-beam.com/images/material/beryllium-laser-cleaning-hero.jpg"	"390 USD"	"in stock"	"new"	"Z-Beam"	"ZB-PROF-CLEAN-beryllium-laser-cleaning"	"metal > specialty"	"Business & Industrial > Industrial Machinery > Cleaning Equipment"	"Professional Laser Cleaning"	"Hourly Rate: $390/hour"	"Est. Range: $780-$2340"
"birch-laser-cleaning-professionalCleaning"	"Birch Laser Cleaning"	""	"https://www.z-beam.com/materials/wood/hardwood/birch-laser-cleaning"	"https://www.z-beam.com/images/material/birch-laser-cleaning-hero.jpg"	"390 USD"	"in stock"	"new"	"Z-Beam"	"ZB-PROF-CLEAN-birch-laser-cleaning"	"wood > hardwood"	"Business & Industrial > Industrial Machinery > Cleaning Equipment"	"Professional Laser Cleaning"	"Hourly Rate: $390/hour"	"Est. Range: $390-$1170"
"bluestone-laser-cleaning-professionalCleaning"	"Bluestone Laser Cleaning"	""	"https://www.z-beam.com/materials/stone/sedimentary/bluestone-laser-cleaning"	"https://www.z-beam.com/images/material/bluestone-laser-cleaning-hero.jpg"	"390 USD"	"in stock"	"new"	"Z-Beam"	"ZB-PROF-CLEAN-bluestone-laser-cleaning"	"stone > sedimentary"	"Business & Industrial > Industrial Machinery > Cleaning Equipment"	"Professional Laser Cleaning"	"Hourly Rate: $390/hour"	"Est. Range: $780-$2340"
"boron-carbide-laser-cleaning-professionalCleaning"	"Boron Carbide Laser Cleaning"	""	"https://www.z-beam.com/materials/ceramic/technical/boron-carbide-laser-cleaning"	"https://www.z-beam.com/images/material/boron-carbide-laser-cleaning-hero.jpg"	"390 USD"	"in stock"	"new"	"Z-Beam"	"ZB-PROF-CLEAN-boron-carbide-laser-cleaning"	"ceramic > technical"	"Business & Industrial > Industrial Machinery > Cleaning Equipment"	"Professional Laser Cleaning"	"Hourly Rate: $390/hour"	"Est. Range: $390-$1170"
"boron-nitride-laser-cleaning-professionalCleaning"	"Boron Nitride Laser Cleaning"	""	"https://www.z-beam.com/materials/ceramic/technical/boron-nitride-laser-cleaning"	"https://www.z-beam.com/images/material/boron-nitride-laser-cleaning-hero.jpg"	"390 USD"	"in stock"	"new"	"Z-Beam"	"ZB-PROF-CLEAN-boron-nitride-laser-cleaning"	"ceramic > technical"	"Business & Industrial > Industrial Machinery > Cleaning Equipment"	"Professional Laser Cleaning"	"Hourly Rate: $390/hour"	"Est. Range: $390-$1170"
"borosilicate-glass-laser-cleaning-professionalCleaning"	"Borosilicate Glass Laser Cleaning"	""	"https://www.z-beam.com/materials/glass/soda-lime/borosilicate-glass-laser-cleaning"	"https://www.z-beam.com/images/material/borosilicate-glass-laser-cleaning-hero.jpg"	"390 USD"	"in stock"	"new"	"Z-Beam"	"ZB-PROF-CLEAN-borosilicate-glass-laser-cleaning"	"glass > soda-lime"	"Business & Industrial > Industrial Machinery > Cleaning Equipment"	"Professional Laser Cleaning"	"Hourly Rate: $390/hour"	"Est. Range: $390-$1170"
"brass-laser-cleaning-professionalCleaning"	"Brass Laser Cleaning"	""	"https://www.z-beam.com/materials/metal/non-ferrous/brass-laser-cleaning"	"https://www.z-beam.com/images/material/brass-laser-cleaning-hero.jpg"	"390 USD"	"in stock"	"new"	"Z-Beam"	"ZB-PROF-CLEAN-brass-laser-cleaning"	"metal > non-ferrous"	"Business & Industrial > Industrial Machinery > Cleaning Equipment"	"Professional Laser Cleaning"	"Hourly Rate: $390/hour"	"Est. Range: $390-$1170"
"breccia-laser-cleaning-professionalCleaning"	"Breccia Laser Cleaning"	""	"https://www.z-beam.com/materials/stone/sedimentary/breccia-laser-cleaning"	"https://www.z-beam.com/images/material/breccia-laser-cleaning-hero.jpg"	"390 USD"	"in stock"	"new"	"Z-Beam"	"ZB-PROF-CLEAN-breccia-laser-cleaning"	"stone > sedimentary"	"Business & Industrial > Industrial Machinery > Cleaning Equipment"	"Professional Laser Cleaning"	"Hourly Rate: $390/hour"	"Est. Range: $780-$2340"
"brick-laser-cleaning-professionalCleaning"	"Brick Laser Cleaning"	""	"https://www.z-beam.com/materials/masonry/general/brick-laser-cleaning"	"https://www.z-beam.com/images/material/brick-laser-cleaning-hero.jpg"	"390 USD"	"in stock"	"new"	"Z-Beam"	"ZB-PROF-CLEAN-brick-laser-cleaning"	"masonry > general"	"Business & Industrial > Industrial Machinery > Cleaning Equipment"	"Professional Laser Cleaning"	"Hourly Rate: $390/hour"	"Est. Range: $780-$2340"
"bronze-laser-cleaning-professionalCleaning"	"Bronze Laser Cleaning"	""	"https://www.z-beam.com/materials/metal/non-ferrous/bronze-laser-cleaning"	"https://www.z-beam.com/images/material/bronze-laser-cleaning-hero.jpg"	"390 USD"	"in stock"	"new"	"Z-Beam"	"ZB-PROF-CLEAN-bronze-laser-cleaning"	"metal > non-ferrous"	"Business & Industrial > Industrial Machinery > Cleaning Equipment"	"Professional Laser Cleaning"	"Hourly Rate: $390/hour"	"Est. Range: $390-$1170"
"calcite-laser-cleaning-professionalCleaning"	"Calcite Laser Cleaning"	""	"https://www.z-beam.com/materials/stone/sedimentary/calcite-laser-cleaning"	"https://www.z-beam.com/images/material/calcite-laser-cleaning-hero.jpg"	"390 USD"	"in stock"	"new"	"Z-Beam"	"ZB-PROF-CLEAN-calcite-laser-cleaning"	"stone > sedimentary"	"Business & Industrial > Industrial Machinery > Cleaning Equipment"	"Professional Laser Cleaning"	"Hourly Rate: $390/hour"	"Est. Range: $780-$2340"
"carbon-fiber-reinforced-polymer-laser-cleaning-professionalCleaning"	"CFRP Laser Cleaning"	""	"https://www.z-beam.com/materials/composite/fiber-reinforced/carbon-fiber-reinforced-polymer-laser-cleaning"	"https://www.z-beam.com/images/material/carbon-fiber-reinforced-polymer-laser-cleaning-hero.jpg"	"390 USD"	"in stock"	"new"	"Z-Beam"	"ZB-PROF-CLEAN-carbon-fiber-reinforced-polymer-laser-cleaning"	"composite > fiber-reinforced"	"Business & Industrial > Industrial Machinery > Cleaning Equipment"	"Professional Laser Cleaning"	"Hourly Rate: $390/hour"	"Est. Range: $390-$780"
"cast-iron-laser-cleaning-professionalCleaning"	"Cast Iron Laser Cleaning"	""	"https://www.z-beam.com/materials/metal/ferrous/cast-iron-laser-cleaning"	"https://www.z-beam.com/images/material/cast-iron-laser-cleaning-hero.jpg"	"390 USD"	"in stock"	"new"	"Z-Beam"	"ZB-PROF-CLEAN-cast-iron-laser-cleaning"	"metal > ferrous"	"Business & Industrial > Industrial Machinery > Cleaning Equipment"	"Professional Laser Cleaning"	"Hourly Rate: $390/hour"	"Est. Range: $390-$1560"
"cedar-laser-cleaning-professionalCleaning"	"Cedar Laser Cleaning"	""	"https://www.z-beam.com/materials/wood/softwood/cedar-laser-cleaning"	"https://www.z-beam.com/images/material/cedar-laser-cleaning-hero.jpg"	"390 USD"	"in stock"	"new"	"Z-Beam"	"ZB-PROF-CLEAN-cedar-laser-cleaning"	"wood > softwood"	"Business & Industrial > Industrial Machinery > Cleaning Equipment"	"Professional Laser Cleaning"	"Hourly Rate: $390/hour"	"Est. Range: $390-$1170"
"cement-laser-cleaning-professionalCleaning"	"Cement Laser Cleaning"	""	"https://www.z-beam.com/materials/masonry/general/cement-laser-cleaning"	"https://www.z-beam.com/images/material/cement-laser-cleaning-hero.jpg"	"390 USD"	"in stock"	"new"	"Z-Beam"	"ZB-PROF-CLEAN-cement-laser-cleaning"	"masonry > general"	"Business & Industrial > Industrial Machinery > Cleaning Equipment"	"Professional Laser Cleaning"	"Hourly Rate: $390/hour"	"Est. Range: $780-$2340"
"ceramic-matrix-composites-cmcs-laser-cleaning-professionalCleaning"	"CMCs Laser Cleaning"	""	"https://www.z-beam.com/materials/composite/fiber-reinforced/ceramic-matrix-composites-cmcs-laser-cleaning"	"https://www.z-beam.com/images/material/ceramic-matrix-composites-cmcs-laser-cleaning-hero.jpg"	"390 USD"	"in stock"	"new"	"Z-Beam"	"ZB-PROF-CLEAN-ceramic-matrix-composites-cmcs-laser-cleaning"	"composite > fiber-reinforced"	"Business & Industrial > Industrial Machinery > Cleaning Equipment"	"Professional Laser Cleaning"	"Hourly Rate: $390/hour"	"Est. Range: $390-$780"
"cerium-laser-cleaning-professionalCleaning"	"Cerium Laser Cleaning"	""	"https://www.z-beam.com/materials/rare-earth/lanthanide/cerium-laser-cleaning"	"https://www.z-beam.com/images/material/cerium-laser-cleaning-hero.jpg"	"390 USD"	"in stock"	"new"	"Z-Beam"	"ZB-PROF-CLEAN-cerium-laser-cleaning"	"rare-earth > lanthanide"	"Business & Industrial > Industrial Machinery > Cleaning Equipment"	"Professional Laser Cleaning"	"Hourly Rate: $390/hour"	"Est. Range: $780-$2340"
"cherry-laser-cleaning-professionalCleaning"	"Cherry Laser Cleaning"	""	"https://www.z-beam.com/materials/wood/hardwood/cherry-laser-cleaning"	"https://www.z-beam.com/images/material/cherry-laser-cleaning-hero.jpg"	"390 USD"	"in stock"	"new"	"Z-Beam"	"ZB-PROF-CLEAN-cherry-laser-cleaning"	"wood > hardwood"	"Business & Industrial > Industrial Machinery > Cleaning Equipment"	"Professional Laser Cleaning"	"Hourly Rate: $390/hour"	"Est. Range: $390-$1170"
"chromium-laser-cleaning-professionalCleaning"	"Chromium Laser Cleaning"	""	"https://www.z-beam.com/materials/metal/specialty/chromium-laser-cleaning"	"https://www.z-beam.com/images/material/chromium-laser-cleaning-hero.jpg"	"390 USD"	"in stock"	"new"	"Z-Beam"	"ZB-PROF-CLEAN-chromium-laser-cleaning"	"metal > specialty"	"Business & Industrial > Industrial Machinery > Cleaning Equipment"	"Professional Laser Cleaning"	"Hourly Rate: $390/hour"	"Est. Range: $780-$2340"
"cobalt-laser-cleaning-professionalCleaning"	"Cobalt Laser Cleaning"	""	"https://www.z-beam.com/materials/metal/specialty/cobalt-laser-cleaning"	"https://www.z-beam.com/images/material/cobalt-laser-cleaning-hero.jpg"	"390 USD"	"in stock"	"new"	"Z-Beam"	"ZB-PROF-CLEAN-cobalt-laser-cleaning"	"metal > specialty"	"Business & Industrial > Industrial Machinery > Cleaning Equipment"	"Professional Laser Cleaning"	"Hourly Rate: $390/hour"	"Est. Range: $780-$2340"
"concrete-laser-cleaning-professionalCleaning"	"Concrete Laser Cleaning"	""	"https://www.z-beam.com/materials/masonry/general/concrete-laser-cleaning"	"https://www.z-beam.com/images/material/concrete-laser-cleaning-hero.jpg"	"390 USD"	"in stock"	"new"	"Z-Beam"	"ZB-PROF-CLEAN-concrete-laser-cleaning"	"masonry > general"	"Business & Industrial > Industrial Machinery > Cleaning Equipment"	"Professional Laser Cleaning"	"Hourly Rate: $390/hour"	"Est. Range: $780-$2340"
"copper-laser-cleaning-professionalCleaning"	"Copper Laser Cleaning"	""	"https://www.z-beam.com/materials/metal/non-ferrous/copper-laser-cleaning"	"https://www.z-beam.com/images/material/copper-laser-cleaning-hero.jpg"	"390 USD"	"in stock"	"new"	"Z-Beam"	"ZB-PROF-CLEAN-copper-laser-cleaning"	"metal > non-ferrous"	"Business & Industrial > Industrial Machinery > Cleaning Equipment"	"Professional Laser Cleaning"	"Hourly Rate: $390/hour"	"Est. Range: $390-$1170"
"crown-glass-laser-cleaning-professionalCleaning"	"Crown Glass Laser Cleaning"	""	"https://www.z-beam.com/materials/glass/soda-lime/crown-glass-laser-cleaning"	"https://www.z-beam.com/images/material/crown-glass-laser-cleaning-hero.jpg"	"390 USD"	"in stock"	"new"	"Z-Beam"	"ZB-PROF-CLEAN-crown-glass-laser-cleaning"	"glass > soda-lime"	"Business & Industrial > Industrial Machinery > Cleaning Equipment"	"Professional Laser Cleaning"	"Hourly Rate: $390/hour"	"Est. Range: $390-$1170"
"dolomite-laser-cleaning-professionalCleaning"	"Dolomite Laser Cleaning"	""	"https://www.z-beam.com/materials/stone/sedimentary/dolomite-laser-cleaning"	"https://www.z-beam.com/images/material/dolomite-laser-cleaning-hero.jpg"	"390 USD"	"in stock"	"new"	"Z-Beam"	"ZB-PROF-CLEAN-dolomite-laser-cleaning"	"stone > sedimentary"	"Business & Industrial > Industrial Machinery > Cleaning Equipment"	"Professional Laser Cleaning"	"Hourly Rate: $390/hour"	"Est. Range: $780-$2340"
"dysprosium-laser-cleaning-professionalCleaning"	"Dysprosium Laser Cleaning"	""	"https://www.z-beam.com/materials/rare-earth/lanthanide/dysprosium-laser-cleaning"	"https://www.z-beam.com/images/material/dysprosium-laser-cleaning-hero.jpg"	"390 USD"	"in stock"	"new"	"Z-Beam"	"ZB-PROF-CLEAN-dysprosium-laser-cleaning"	"rare-earth > lanthanide"	"Business & Industrial > Industrial Machinery > Cleaning Equipment"	"Professional Laser Cleaning"	"Hourly Rate: $390/hour"	"Est. Range: $780-$2340"
"ebony-laser-cleaning-professionalCleaning"	"Ebony Laser Cleaning"	""	"https://www.z-beam.com/materials/wood/hardwood/ebony-laser-cleaning"	"https://www.z-beam.com/images/material/ebony-laser-cleaning-hero.jpg"	"390 USD"	"in stock"	"new"	"Z-Beam"	"ZB-PROF-CLEAN-ebony-laser-cleaning"	"wood > hardwood"	"Business & Industrial > Industrial Machinery > Cleaning Equipment"	"Professional Laser Cleaning"	"Hourly Rate: $390/hour"	"Est. Range: $390-$1170"
"epoxy-resin-composites-laser-cleaning-professionalCleaning"	"Epoxy Resin Composites Laser Cleaning"	""	"https://www.z-beam.com/materials/composite/fiber-reinforced/epoxy-resin-composites-laser-cleaning"	"https://www.z-beam.com/images/material/epoxy-resin-composites-laser-cleaning-hero.jpg"	"390 USD"	"in stock"	"new"	"Z-Beam"	"ZB-PROF-CLEAN-epoxy-resin-composites-laser-cleaning"	"composite > fiber-reinforced"	"Business & Industrial > Industrial Machinery > Cleaning Equipment"	"Professional Laser Cleaning"	"Hourly Rate: $390/hour"	"Est. Range: $390-$780"
"europium-laser-cleaning-professionalCleaning"	"Europium Laser Cleaning"	""	"https://www.z-beam.com/materials/rare-earth/lanthanide/europium-laser-cleaning"	"https://www.z-beam.com/images/material/europium-laser-cleaning-hero.jpg"	"390 USD"	"in stock"	"new"	"Z-Beam"	"ZB-PROF-CLEAN-europium-laser-cleaning"	"rare-earth > lanthanide"	"Business & Industrial > Industrial Machinery > Cleaning Equipment"	"Professional Laser Cleaning"	"Hourly Rate: $390/hour"	"Est. Range: $780-$2340"
"fiber-reinforced-polyurethane-frpu-laser-cleaning-professionalCleaning"	"FRPU Laser Cleaning"	""	"https://www.z-beam.com/materials/composite/fiber-reinforced/fiber-reinforced-polyurethane-frpu-laser-cleaning"	"https://www.z-beam.com/images/material/fiber-reinforced-polyurethane-frpu-laser-cleaning-hero.jpg"	"390 USD"	"in stock"	"new"	"Z-Beam"	"ZB-PROF-CLEAN-fiber-reinforced-polyurethane-frpu-laser-cleaning"	"composite > fiber-reinforced"	"Business & Industrial > Industrial Machinery > Cleaning Equipment"	"Professional Laser Cleaning"	"Hourly Rate: $390/hour"	"Est. Range: $390-$780"
"fiberglass-laser-cleaning-professionalCleaning"	"Fiberglass Laser Cleaning"	""	"https://www.z-beam.com/materials/composite/fiber-reinforced/fiberglass-laser-cleaning"	"https://www.z-beam.com/images/material/fiberglass-laser-cleaning-hero.jpg"	"390 USD"	"in stock"	"new"	"Z-Beam"	"ZB-PROF-CLEAN-fiberglass-laser-cleaning"	"composite > fiber-reinforced"	"Business & Industrial > Industrial Machinery > Cleaning Equipment"	"Professional Laser Cleaning"	"Hourly Rate: $390/hour"	"Est. Range: $390-$780"
"fir-laser-cleaning-professionalCleaning"	"Fir Laser Cleaning"	""	"https://www.z-beam.com/materials/wood/softwood/fir-laser-cleaning"	"https://www.z-beam.com/images/material/fir-laser-cleaning-hero.jpg"	"390 USD"	"in stock"	"new"	"Z-Beam"	"ZB-PROF-CLEAN-fir-laser-cleaning"	"wood > softwood"	"Business & Industrial > Industrial Machinery > Cleaning Equipment"	"Professional Laser Cleaning"	"Hourly Rate: $390/hour"	"Est. Range: $390-$1170"
"float-glass-laser-cleaning-professionalCleaning"	"Float Glass Laser Cleaning"	""	"https://www.z-beam.com/materials/glass/soda-lime/float-glass-laser-cleaning"	"https://www.z-beam.com/images/material/float-glass-laser-cleaning-hero.jpg"	"390 USD"	"in stock"	"new"	"Z-Beam"	"ZB-PROF-CLEAN-float-glass-laser-cleaning"	"glass > soda-lime"	"Business & Industrial > Industrial Machinery > Cleaning Equipment"	"Professional Laser Cleaning"	"Hourly Rate: $390/hour"	"Est. Range: $390-$1170"
"fused-silica-laser-cleaning-professionalCleaning"	"Fused Silica Laser Cleaning"	""	"https://www.z-beam.com/materials/glass/soda-lime/fused-silica-laser-cleaning"	"https://www.z-beam.com/images/material/fused-silica-laser-cleaning-hero.jpg"	"390 USD"	"in stock"	"new"	"Z-Beam"	"ZB-PROF-CLEAN-fused-silica-laser-cleaning"	"glass > soda-lime"	"Business & Industrial > Industrial Machinery > Cleaning Equipment"	"Professional Laser Cleaning"	"Hourly Rate: $390/hour"	"Est. Range: $390-$1170"
"gallium-arsenide-laser-cleaning-professionalCleaning"	"Gallium Arsenide Laser Cleaning"	""	"https://www.z-beam.com/materials/semiconductor/elemental/gallium-arsenide-laser-cleaning"	"https://www.z-beam.com/images/material/gallium-arsenide-laser-cleaning-hero.jpg"	"390 USD"	"in stock"	"new"	"Z-Beam"	"ZB-PROF-CLEAN-gallium-arsenide-laser-cleaning"	"semiconductor > elemental"	"Business & Industrial > Industrial Machinery > Cleaning Equipment"	"Professional Laser Cleaning"	"Hourly Rate: $390/hour"	"Est. Range: $390-$1560"
"gallium-laser-cleaning-professionalCleaning"	"Gallium Laser Cleaning"	""	"https://www.z-beam.com/materials/metal/specialty/gallium-laser-cleaning"	"https://www.z-beam.com/images/material/gallium-laser-cleaning-hero.jpg"	"390 USD"	"in stock"	"new"	"Z-Beam"	"ZB-PROF-CLEAN-gallium-laser-cleaning"	"metal > specialty"	"Business & Industrial > Industrial Machinery > Cleaning Equipment"	"Professional Laser Cleaning"	"Hourly Rate: $390/hour"	"Est. Range: $780-$2340"
"gallium-nitride-laser-cleaning-professionalCleaning"	"Gallium Nitride Laser Cleaning"	""	"https://www.z-beam.com/materials/semiconductor/compound/gallium-nitride-laser-cleaning"	"https://www.z-beam.com/images/material/gallium-nitride-laser-cleaning-hero.jpg"	"390 USD"	"in stock"	"new"	"Z-Beam"	"ZB-PROF-CLEAN-gallium-nitride-laser-cleaning"	"semiconductor > compound"	"Business & Industrial > Industrial Machinery > Cleaning Equipment"	"Professional Laser Cleaning"	"Hourly Rate: $390/hour"	"Est. Range: $390-$1560"
"germanium-laser-cleaning-professionalCleaning"	"Germanium Laser Cleaning"	""	"https://www.z-beam.com/materials/semiconductor/elemental/germanium-laser-cleaning"	"https://www.z-beam.com/images/material/germanium-laser-cleaning-hero.jpg"	"390 USD"	"in stock"	"new"	"Z-Beam"	"ZB-PROF-CLEAN-germanium-laser-cleaning"	"semiconductor > elemental"	"Business & Industrial > Industrial Machinery > Cleaning Equipment"	"Professional Laser Cleaning"	"Hourly Rate: $390/hour"	"Est. Range: $390-$1560"
"glass-fiber-reinforced-polymers-gfrp-laser-cleaning-professionalCleaning"	"GFRP Laser Cleaning"	""	"https://www.z-beam.com/materials/composite/fiber-reinforced/glass-fiber-reinforced-polymers-gfrp-laser-cleaning"	"https://www.z-beam.com/images/material/glass-fiber-reinforced-polymers-gfrp-laser-cleaning-hero.jpg"	"390 USD"	"in stock"	"new"	"Z-Beam"	"ZB-PROF-CLEAN-glass-fiber-reinforced-polymers-gfrp-laser-cleaning"	"composite > fiber-reinforced"	"Business & Industrial > Industrial Machinery > Cleaning Equipment"	"Professional Laser Cleaning"	"Hourly Rate: $390/hour"	"Est. Range: $390-$780"
"gneiss-laser-cleaning-professionalCleaning"	"Gneiss Laser Cleaning"	""	"https://www.z-beam.com/materials/stone/metamorphic/gneiss-laser-cleaning"	"https://www.z-beam.com/images/material/gneiss-laser-cleaning-hero.jpg"	"390 USD"	"in stock"	"new"	"Z-Beam"	"ZB-PROF-CLEAN-gneiss-laser-cleaning"	"stone > metamorphic"	"Business & Industrial > Industrial Machinery > Cleaning Equipment"	"Professional Laser Cleaning"	"Hourly Rate: $390/hour"	"Est. Range: $780-$2340"
"gold-laser-cleaning-professionalCleaning"	"Gold Laser Cleaning"	""	"https://www.z-beam.com/materials/metal/non-ferrous/gold-laser-cleaning"	"https://www.z-beam.com/images/material/gold-laser-cleaning-hero.jpg"	"390 USD"	"in stock"	"new"	"Z-Beam"	"ZB-PROF-CLEAN-gold-laser-cleaning"	"metal > non-ferrous"	"Business & Industrial > Industrial Machinery > Cleaning Equipment"	"Professional Laser Cleaning"	"Hourly Rate: $390/hour"	"Est. Range: $390-$1170"
"gorilla-glass-laser-cleaning-professionalCleaning"	"Gorilla Glass Laser Cleaning"	""	"https://www.z-beam.com/materials/glass/soda-lime/gorilla-glass-laser-cleaning"	"https://www.z-beam.com/images/material/gorilla-glass-laser-cleaning-hero.jpg"	"390 USD"	"in stock"	"new"	"Z-Beam"	"ZB-PROF-CLEAN-gorilla-glass-laser-cleaning"	"glass > soda-lime"	"Business & Industrial > Industrial Machinery > Cleaning Equipment"	"Professional Laser Cleaning"	"Hourly Rate: $390/hour"	"Est. Range: $390-$1170"
"granite-laser-cleaning-professionalCleaning"	"Granite Laser Cleaning"	""	"https://www.z-beam.com/materials/stone/igneous/granite-laser-cleaning"	"https://www.z-beam.com/images/material/granite-laser-cleaning-hero.jpg"	"390 USD"	"in stock"	"new"	"Z-Beam"	"ZB-PROF-CLEAN-granite-laser-cleaning"	"stone > igneous"	"Business & Industrial > Industrial Machinery > Cleaning Equipment"	"Professional Laser Cleaning"	"Hourly Rate: $390/hour"	"Est. Range: $780-$2340"
"hafnium-laser-cleaning-professionalCleaning"	"Hafnium Laser Cleaning"	""	"https://www.z-beam.com/materials/metal/non-ferrous/hafnium-laser-cleaning"	"https://www.z-beam.com/images/material/hafnium-laser-cleaning-hero.jpg"	"390 USD"	"in stock"	"new"	"Z-Beam"	"ZB-PROF-CLEAN-hafnium-laser-cleaning"	"metal > non-ferrous"	"Business & Industrial > Industrial Machinery > Cleaning Equipment"	"Professional Laser Cleaning"	"Hourly Rate: $390/hour"	"Est. Range: $390-$1170"
"hastelloy-laser-cleaning-professionalCleaning"	"Hastelloy Laser Cleaning"	""	"https://www.z-beam.com/materials/metal/specialty/hastelloy-laser-cleaning"	"https://www.z-beam.com/images/material/hastelloy-laser-cleaning-hero.jpg"	"390 USD"	"in stock"	"new"	"Z-Beam"	"ZB-PROF-CLEAN-hastelloy-laser-cleaning"	"metal > specialty"	"Business & Industrial > Industrial Machinery > Cleaning Equipment"	"Professional Laser Cleaning"	"Hourly Rate: $390/hour"	"Est. Range: $780-$2340"
"hickory-laser-cleaning-professionalCleaning"	"Hickory Laser Cleaning"	""	"https://www.z-beam.com/materials/wood/hardwood/hickory-laser-cleaning"	"https://www.z-beam.com/images/material/hickory-laser-cleaning-hero.jpg"	"390 USD"	"in stock"	"new"	"Z-Beam"	"ZB-PROF-CLEAN-hickory-laser-cleaning"	"wood > hardwood"	"Business & Industrial > Industrial Machinery > Cleaning Equipment"	"Professional Laser Cleaning"	"Hourly Rate: $390/hour"	"Est. Range: $390-$1170"
"inconel-laser-cleaning-professionalCleaning"	"Inconel Laser Cleaning"	""	"https://www.z-beam.com/materials/metal/specialty/inconel-laser-cleaning"	"https://www.z-beam.com/images/material/inconel-laser-cleaning-hero.jpg"	"390 USD"	"in stock"	"new"	"Z-Beam"	"ZB-PROF-CLEAN-inconel-laser-cleaning"	"metal > specialty"	"Business & Industrial > Industrial Machinery > Cleaning Equipment"	"Professional Laser Cleaning"	"Hourly Rate: $390/hour"	"Est. Range: $780-$2340"
"indium-laser-cleaning-professionalCleaning"	"Indium Laser Cleaning"	""	"https://www.z-beam.com/materials/metal/specialty/indium-laser-cleaning"	"https://www.z-beam.com/images/material/indium-laser-cleaning-hero.jpg"	"390 USD"	"in stock"	"new"	"Z-Beam"	"ZB-PROF-CLEAN-indium-laser-cleaning"	"metal > specialty"	"Business & Industrial > Industrial Machinery > Cleaning Equipment"	"Professional Laser Cleaning"	"Hourly Rate: $390/hour"	"Est. Range: $780-$2340"
"indium-phosphide-laser-cleaning-professionalCleaning"	"Indium Phosphide Laser Cleaning"	""	"https://www.z-beam.com/materials/semiconductor/compound/indium-phosphide-laser-cleaning"	"https://www.z-beam.com/images/material/indium-phosphide-laser-cleaning-hero.jpg"	"390 USD"	"in stock"	"new"	"Z-Beam"	"ZB-PROF-CLEAN-indium-phosphide-laser-cleaning"	"semiconductor > compound"	"Business & Industrial > Industrial Machinery > Cleaning Equipment"	"Professional Laser Cleaning"	"Hourly Rate: $390/hour"	"Est. Range: $390-$1560"
"iridium-laser-cleaning-professionalCleaning"	"Iridium Laser Cleaning"	""	"https://www.z-beam.com/materials/metal/non-ferrous/iridium-laser-cleaning"	"https://www.z-beam.com/images/material/iridium-laser-cleaning-hero.jpg"	"390 USD"	"in stock"	"new"	"Z-Beam"	"ZB-PROF-CLEAN-iridium-laser-cleaning"	"metal > non-ferrous"	"Business & Industrial > Industrial Machinery > Cleaning Equipment"	"Professional Laser Cleaning"	"Hourly Rate: $390/hour"	"Est. Range: $390-$1170"
"iron-laser-cleaning-professionalCleaning"	"Iron Laser Cleaning"	""	"https://www.z-beam.com/materials/metal/ferrous/iron-laser-cleaning"	"https://www.z-beam.com/images/material/iron-laser-cleaning-hero.jpg"	"390 USD"	"in stock"	"new"	"Z-Beam"	"ZB-PROF-CLEAN-iron-laser-cleaning"	"metal > ferrous"	"Business & Industrial > Industrial Machinery > Cleaning Equipment"	"Professional Laser Cleaning"	"Hourly Rate: $390/hour"	"Est. Range: $390-$1560"
"kevlar-reinforced-polymer-laser-cleaning-professionalCleaning"	"Kevlar-Reinforced Polymer Laser Cleaning"	""	"https://www.z-beam.com/materials/composite/fiber-reinforced/kevlar-reinforced-polymer-laser-cleaning"	"https://www.z-beam.com/images/material/kevlar-reinforced-polymer-laser-cleaning-hero.jpg"	"390 USD"	"in stock"	"new"	"Z-Beam"	"ZB-PROF-CLEAN-kevlar-reinforced-polymer-laser-cleaning"	"composite > fiber-reinforced"	"Business & Industrial > Industrial Machinery > Cleaning Equipment"	"Professional Laser Cleaning"	"Hourly Rate: $390/hour"	"Est. Range: $390-$780"
"lanthanum-laser-cleaning-professionalCleaning"	"Lanthanum Laser Cleaning"	""	"https://www.z-beam.com/materials/rare-earth/lanthanide/lanthanum-laser-cleaning"	"https://www.z-beam.com/images/material/lanthanum-laser-cleaning-hero.jpg"	"390 USD"	"in stock"	"new"	"Z-Beam"	"ZB-PROF-CLEAN-lanthanum-laser-cleaning"	"rare-earth > lanthanide"	"Business & Industrial > Industrial Machinery > Cleaning Equipment"	"Professional Laser Cleaning"	"Hourly Rate: $390/hour"	"Est. Range: $780-$2340"
"lead-crystal-laser-cleaning-professionalCleaning"	"Lead Crystal Laser Cleaning"	""	"https://www.z-beam.com/materials/glass/soda-lime/lead-crystal-laser-cleaning"	"https://www.z-beam.com/images/material/lead-crystal-laser-cleaning-hero.jpg"	"390 USD"	"in stock"	"new"	"Z-Beam"	"ZB-PROF-CLEAN-lead-crystal-laser-cleaning"	"glass > soda-lime"	"Business & Industrial > Industrial Machinery > Cleaning Equipment"	"Professional Laser Cleaning"	"Hourly Rate: $390/hour"	"Est. Range: $390-$1170"
"lead-laser-cleaning-professionalCleaning"	"Lead Laser Cleaning"	""	"https://www.z-beam.com/materials/metal/non-ferrous/lead-laser-cleaning"	"https://www.z-beam.com/images/material/lead-laser-cleaning-hero.jpg"	"390 USD"	"in stock"	"new"	"Z-Beam"	"ZB-PROF-CLEAN-lead-laser-cleaning"	"metal > non-ferrous"	"Business & Industrial > Industrial Machinery > Cleaning Equipment"	"Professional Laser Cleaning"	"Hourly Rate: $390/hour"	"Est. Range: $390-$1170"
"limestone-laser-cleaning-professionalCleaning"	"Limestone Laser Cleaning"	""	"https://www.z-beam.com/materials/stone/sedimentary/limestone-laser-cleaning"	"https://www.z-beam.com/images/material/limestone-laser-cleaning-hero.jpg"	"390 USD"	"in stock"	"new"	"Z-Beam"	"ZB-PROF-CLEAN-limestone-laser-cleaning"	"stone > sedimentary"	"Business & Industrial > Industrial Machinery > Cleaning Equipment"	"Professional Laser Cleaning"	"Hourly Rate: $390/hour"	"Est. Range: $780-$2340"
"magnesium-laser-cleaning-professionalCleaning"	"Magnesium Laser Cleaning"	""	"https://www.z-beam.com/materials/metal/specialty/magnesium-laser-cleaning"	"https://www.z-beam.com/images/material/magnesium-laser-cleaning-hero.jpg"	"390 USD"	"in stock"	"new"	"Z-Beam"	"ZB-PROF-CLEAN-magnesium-laser-cleaning"	"metal > specialty"	"Business & Industrial > Industrial Machinery > Cleaning Equipment"	"Professional Laser Cleaning"	"Hourly Rate: $390/hour"	"Est. Range: $780-$2340"
"mahogany-laser-cleaning-professionalCleaning"	"Mahogany Laser Cleaning"	""	"https://www.z-beam.com/materials/wood/hardwood/mahogany-laser-cleaning"	"https://www.z-beam.com/images/material/mahogany-laser-cleaning-hero.jpg"	"390 USD"	"in stock"	"new"	"Z-Beam"	"ZB-PROF-CLEAN-mahogany-laser-cleaning"	"wood > hardwood"	"Business & Industrial > Industrial Machinery > Cleaning Equipment"	"Professional Laser Cleaning"	"Hourly Rate: $390/hour"	"Est. Range: $390-$1170"
"manganese-laser-cleaning-professionalCleaning"	"Manganese Laser Cleaning"	""	"https://www.z-beam.com/materials/metal/non-ferrous/manganese-laser-cleaning"	"https://www.z-beam.com/images/material/manganese-laser-cleaning-hero.jpg"	"390 USD"	"in stock"	"new"	"Z-Beam"	"ZB-PROF-CLEAN-manganese-laser-cleaning"	"metal > non-ferrous"	"Business & Industrial > Industrial Machinery > Cleaning Equipment"	"Professional Laser Cleaning"	"Hourly Rate: $390/hour"	"Est. Range: $390-$1170"
"maple-laser-cleaning-professionalCleaning"	"Maple Laser Cleaning"	""	"https://www.z-beam.com/materials/wood/hardwood/maple-laser-cleaning"	"https://www.z-beam.com/images/material/maple-laser-cleaning-hero.jpg"	"390 USD"	"in stock"	"new"	"Z-Beam"	"ZB-PROF-CLEAN-maple-laser-cleaning"	"wood > hardwood"	"Business & Industrial > Industrial Machinery > Cleaning Equipment"	"Professional Laser Cleaning"	"Hourly Rate: $390/hour"	"Est. Range: $390-$1170"
"marble-laser-cleaning-professionalCleaning"	"Marble Laser Cleaning"	""	"https://www.z-beam.com/materials/stone/metamorphic/marble-laser-cleaning"	"https://www.z-beam.com/images/material/marble-laser-cleaning-hero.jpg"	"390 USD"	"in stock"	"new"	"Z-Beam"	"ZB-PROF-CLEAN-marble-laser-cleaning"	"stone > metamorphic"	"Business & Industrial > Industrial Machinery > Cleaning Equipment"	"Professional Laser Cleaning"	"Hourly Rate: $390/hour"	"Est. Range: $780-$2340"
"mdf-laser-cleaning-professionalCleaning"	"MDF Laser Cleaning"	""	"https://www.z-beam.com/materials/wood/hardwood/mdf-laser-cleaning"	"https://www.z-beam.com/images/material/mdf-laser-cleaning-hero.jpg"	"390 USD"	"in stock"	"new"	"Z-Beam"	"ZB-PROF-CLEAN-mdf-laser-cleaning"	"wood > hardwood"	"Business & Industrial > Industrial Machinery > Cleaning Equipment"	"Professional Laser Cleaning"	"Hourly Rate: $390/hour"	"Est. Range: $390-$1170"
"metal-matrix-composites-mmcs-laser-cleaning-professionalCleaning"	"MMCs Laser Cleaning"	""	"https://www.z-beam.com/materials/composite/fiber-reinforced/metal-matrix-composites-mmcs-laser-cleaning"	"https://www.z-beam.com/images/material/metal-matrix-composites-mmcs-laser-cleaning-hero.jpg"	"390 USD"	"in stock"	"new"	"Z-Beam"	"ZB-PROF-CLEAN-metal-matrix-composites-mmcs-laser-cleaning"	"composite > fiber-reinforced"	"Business & Industrial > Industrial Machinery > Cleaning Equipment"	"Professional Laser Cleaning"	"Hourly Rate: $390/hour"	"Est. Range: $390-$780"
"molybdenum-laser-cleaning-professionalCleaning"	"Molybdenum Laser Cleaning"	""	"https://www.z-beam.com/materials/metal/non-ferrous/molybdenum-laser-cleaning"	"https://www.z-beam.com/images/material/molybdenum-laser-cleaning-hero.jpg"	"390 USD"	"in stock"	"new"	"Z-Beam"	"ZB-PROF-CLEAN-molybdenum-laser-cleaning"	"metal > non-ferrous"	"Business & Industrial > Industrial Machinery > Cleaning Equipment"	"Professional Laser Cleaning"	"Hourly Rate: $390/hour"	"Est. Range: $390-$1170"
"mortar-laser-cleaning-professionalCleaning"	"Mortar Laser Cleaning"	""	"https://www.z-beam.com/materials/masonry/general/mortar-laser-cleaning"	"https://www.z-beam.com/images/material/mortar-laser-cleaning-hero.jpg"	"390 USD"	"in stock"	"new"	"Z-Beam"	"ZB-PROF-CLEAN-mortar-laser-cleaning"	"masonry > general"	"Business & Industrial > Industrial Machinery > Cleaning Equipment"	"Professional Laser Cleaning"	"Hourly Rate: $390/hour"	"Est. Range: $780-$2340"
"neodymium-laser-cleaning-professionalCleaning"	"Neodymium Laser Cleaning"	""	"https://www.z-beam.com/materials/rare-earth/lanthanide/neodymium-laser-cleaning"	"https://www.z-beam.com/images/material/neodymium-laser-cleaning-hero.jpg"	"390 USD"	"in stock"	"new"	"Z-Beam"	"ZB-PROF-CLEAN-neodymium-laser-cleaning"	"rare-earth > lanthanide"	"Business & Industrial > Industrial Machinery > Cleaning Equipment"	"Professional Laser Cleaning"	"Hourly Rate: $390/hour"	"Est. Range: $780-$2340"
"nickel-laser-cleaning-professionalCleaning"	"Nickel Laser Cleaning"	""	"https://www.z-beam.com/materials/metal/specialty/nickel-laser-cleaning"	"https://www.z-beam.com/images/material/nickel-laser-cleaning-hero.jpg"	"390 USD"	"in stock"	"new"	"Z-Beam"	"ZB-PROF-CLEAN-nickel-laser-cleaning"	"metal > specialty"	"Business & Industrial > Industrial Machinery > Cleaning Equipment"	"Professional Laser Cleaning"	"Hourly Rate: $390/hour"	"Est. Range: $780-$2340"
"niobium-laser-cleaning-professionalCleaning"	"Niobium Laser Cleaning"	""	"https://www.z-beam.com/materials/metal/non-ferrous/niobium-laser-cleaning"	"https://www.z-beam.com/images/material/niobium-laser-cleaning-hero.jpg"	"390 USD"	"in stock"	"new"	"Z-Beam"	"ZB-PROF-CLEAN-niobium-laser-cleaning"	"metal > non-ferrous"	"Business & Industrial > Industrial Machinery > Cleaning Equipment"	"Professional Laser Cleaning"	"Hourly Rate: $390/hour"	"Est. Range: $390-$1170"
"nylon-laser-cleaning-professionalCleaning"	"Nylon Laser Cleaning"	""	"https://www.z-beam.com/materials/plastic/thermoplastic/nylon-laser-cleaning"	"https://www.z-beam.com/images/material/nylon-laser-cleaning-hero.jpg"	"390 USD"	"in stock"	"new"	"Z-Beam"	"ZB-PROF-CLEAN-nylon-laser-cleaning"	"plastic > thermoplastic"	"Business & Industrial > Industrial Machinery > Cleaning Equipment"	"Professional Laser Cleaning"	"Hourly Rate: $390/hour"	"Est. Range: $390-$780"
"oak-laser-cleaning-professionalCleaning"	"Oak Laser Cleaning"	""	"https://www.z-beam.com/materials/wood/hardwood/oak-laser-cleaning"	"https://www.z-beam.com/images/material/oak-laser-cleaning-hero.jpg"	"390 USD"	"in stock"	"new"	"Z-Beam"	"ZB-PROF-CLEAN-oak-laser-cleaning"	"wood > hardwood"	"Business & Industrial > Industrial Machinery > Cleaning Equipment"	"Professional Laser Cleaning"	"Hourly Rate: $390/hour"	"Est. Range: $390-$1170"
"onyx-laser-cleaning-professionalCleaning"	"Onyx Laser Cleaning"	""	"https://www.z-beam.com/materials/stone/sedimentary/onyx-laser-cleaning"	"https://www.z-beam.com/images/material/onyx-laser-cleaning-hero.jpg"	"390 USD"	"in stock"	"new"	"Z-Beam"	"ZB-PROF-CLEAN-onyx-laser-cleaning"	"stone > sedimentary"	"Business & Industrial > Industrial Machinery > Cleaning Equipment"	"Professional Laser Cleaning"	"Hourly Rate: $390/hour"	"Est. Range: $780-$2340"
"palladium-laser-cleaning-professionalCleaning"	"Palladium Laser Cleaning"	""	"https://www.z-beam.com/materials/metal/non-ferrous/palladium-laser-cleaning"	"https://www.z-beam.com/images/material/palladium-laser-cleaning-hero.jpg"	"390 USD"	"in stock"	"new"	"Z-Beam"	"ZB-PROF-CLEAN-palladium-laser-cleaning"	"metal > non-ferrous"	"Business & Industrial > Industrial Machinery > Cleaning Equipment"	"Professional Laser Cleaning"	"Hourly Rate: $390/hour"	"Est. Range: $390-$1170"
"peek-laser-cleaning-professionalCleaning"	"PEEK Laser Cleaning"	""	"https://www.z-beam.com/materials/plastic/thermoplastic/peek-laser-cleaning"	"https://www.z-beam.com/images/material/peek-laser-cleaning-hero.jpg"	"390 USD"	"in stock"	"new"	"Z-Beam"	"ZB-PROF-CLEAN-peek-laser-cleaning"	"plastic > thermoplastic"	"Business & Industrial > Industrial Machinery > Cleaning Equipment"	"Professional Laser Cleaning"	"Hourly Rate: $390/hour"	"Est. Range: $390-$780"
"pet-laser-cleaning-professionalCleaning"	"PET Laser Cleaning"	""	"https://www.z-beam.com/materials/plastic/thermoplastic/pet-laser-cleaning"	"https://www.z-beam.com/images/material/pet-laser-cleaning-hero.jpg"	"390 USD"	"in stock"	"new"	"Z-Beam"	"ZB-PROF-CLEAN-pet-laser-cleaning"	"plastic > thermoplastic"	"Business & Industrial > Industrial Machinery > Cleaning Equipment"	"Professional Laser Cleaning"	"Hourly Rate: $390/hour"	"Est. Range: $390-$780"
"phenolic-resin-composites-laser-cleaning-professionalCleaning"	"Phenolic Resin Composites Laser Cleaning"	""	"https://www.z-beam.com/materials/composite/fiber-reinforced/phenolic-resin-composites-laser-cleaning"	"https://www.z-beam.com/images/material/phenolic-resin-composites-laser-cleaning-hero.jpg"	"390 USD"	"in stock"	"new"	"Z-Beam"	"ZB-PROF-CLEAN-phenolic-resin-composites-laser-cleaning"	"composite > fiber-reinforced"	"Business & Industrial > Industrial Machinery > Cleaning Equipment"	"Professional Laser Cleaning"	"Hourly Rate: $390/hour"	"Est. Range: $390-$780"
"pine-laser-cleaning-professionalCleaning"	"Pine Laser Cleaning"	""	"https://www.z-beam.com/materials/wood/softwood/pine-laser-cleaning"	"https://www.z-beam.com/images/material/pine-laser-cleaning-hero.jpg"	"390 USD"	"in stock"	"new"	"Z-Beam"	"ZB-PROF-CLEAN-pine-laser-cleaning"	"wood > softwood"	"Business & Industrial > Industrial Machinery > Cleaning Equipment"	"Professional Laser Cleaning"	"Hourly Rate: $390/hour"	"Est. Range: $390-$1170"
"plaster-laser-cleaning-professionalCleaning"	"Plaster Laser Cleaning"	""	"https://www.z-beam.com/materials/masonry/general/plaster-laser-cleaning"	"https://www.z-beam.com/images/material/plaster-laser-cleaning-hero.jpg"	"390 USD"	"in stock"	"new"	"Z-Beam"	"ZB-PROF-CLEAN-plaster-laser-cleaning"	"masonry > general"	"Business & Industrial > Industrial Machinery > Cleaning Equipment"	"Professional Laser Cleaning"	"Hourly Rate: $390/hour"	"Est. Range: $780-$2340"
"platinum-laser-cleaning-professionalCleaning"	"Platinum Laser Cleaning"	""	"https://www.z-beam.com/materials/metal/non-ferrous/platinum-laser-cleaning"	"https://www.z-beam.com/images/material/platinum-laser-cleaning-hero.jpg"	"390 USD"	"in stock"	"new"	"Z-Beam"	"ZB-PROF-CLEAN-platinum-laser-cleaning"	"metal > non-ferrous"	"Business & Industrial > Industrial Machinery > Cleaning Equipment"	"Professional Laser Cleaning"	"Hourly Rate: $390/hour"	"Est. Range: $390-$1170"
"plywood-laser-cleaning-professionalCleaning"	"Plywood Laser Cleaning"	""	"https://www.z-beam.com/materials/wood/hardwood/plywood-laser-cleaning"	"https://www.z-beam.com/images/material/plywood-laser-cleaning-hero.jpg"	"390 USD"	"in stock"	"new"	"Z-Beam"	"ZB-PROF-CLEAN-plywood-laser-cleaning"	"wood > hardwood"	"Business & Industrial > Industrial Machinery > Cleaning Equipment"	"Professional Laser Cleaning"	"Hourly Rate: $390/hour"	"Est. Range: $390-$1170"
"polycarbonate-laser-cleaning-professionalCleaning"	"Polycarbonate Laser Cleaning"	""	"https://www.z-beam.com/materials/plastic/thermoplastic/polycarbonate-laser-cleaning"	"https://www.z-beam.com/images/material/polycarbonate-laser-cleaning-hero.jpg"	"390 USD"	"in stock"	"new"	"Z-Beam"	"ZB-PROF-CLEAN-polycarbonate-laser-cleaning"	"plastic > thermoplastic"	"Business & Industrial > Industrial Machinery > Cleaning Equipment"	"Professional Laser Cleaning"	"Hourly Rate: $390/hour"	"Est. Range: $390-$780"
"polyester-resin-composites-laser-cleaning-professionalCleaning"	"Polyester Resin Composites Laser Cleaning"	""	"https://www.z-beam.com/materials/composite/fiber-reinforced/polyester-resin-composites-laser-cleaning"	"https://www.z-beam.com/images/material/polyester-resin-composites-laser-cleaning-hero.jpg"	"390 USD"	"in stock"	"new"	"Z-Beam"	"ZB-PROF-CLEAN-polyester-resin-composites-laser-cleaning"	"composite > fiber-reinforced"	"Business & Industrial > Industrial Machinery > Cleaning Equipment"	"Professional Laser Cleaning"	"Hourly Rate: $390/hour"	"Est. Range: $390-$780"
"polyethylene-laser-cleaning-professionalCleaning"	"Polyethylene Laser Cleaning"	""	"https://www.z-beam.com/materials/plastic/thermoplastic/polyethylene-laser-cleaning"	"https://www.z-beam.com/images/material/polyethylene-laser-cleaning-hero.jpg"	"390 USD"	"in stock"	"new"	"Z-Beam"	"ZB-PROF-CLEAN-polyethylene-laser-cleaning"	"plastic > thermoplastic"	"Business & Industrial > Industrial Machinery > Cleaning Equipment"	"Professional Laser Cleaning"	"Hourly Rate: $390/hour"	"Est. Range: $390-$780"
"polyimide-laser-cleaning-professionalCleaning"	"Polyimide Laser Cleaning"	""	"https://www.z-beam.com/materials/plastic/thermoplastic/polyimide-laser-cleaning"	"https://www.z-beam.com/images/material/polyimide-laser-cleaning-hero.jpg"	"390 USD"	"in stock"	"new"	"Z-Beam"	"ZB-PROF-CLEAN-polyimide-laser-cleaning"	"plastic > thermoplastic"	"Business & Industrial > Industrial Machinery > Cleaning Equipment"	"Professional Laser Cleaning"	"Hourly Rate: $390/hour"	"Est. Range: $390-$780"
"polypropylene-laser-cleaning-professionalCleaning"	"Polypropylene Laser Cleaning"	""	"https://www.z-beam.com/materials/plastic/thermoplastic/polypropylene-laser-cleaning"	"https://www.z-beam.com/images/material/polypropylene-laser-cleaning-hero.jpg"	"390 USD"	"in stock"	"new"	"Z-Beam"	"ZB-PROF-CLEAN-polypropylene-laser-cleaning"	"plastic > thermoplastic"	"Business & Industrial > Industrial Machinery > Cleaning Equipment"	"Professional Laser Cleaning"	"Hourly Rate: $390/hour"	"Est. Range: $390-$780"
"polystyrene-laser-cleaning-professionalCleaning"	"Polystyrene Laser Cleaning"	""	"https://www.z-beam.com/materials/plastic/thermoplastic/polystyrene-laser-cleaning"	"https://www.z-beam.com/images/material/polystyrene-laser-cleaning-hero.jpg"	"390 USD"	"in stock"	"new"	"Z-Beam"	"ZB-PROF-CLEAN-polystyrene-laser-cleaning"	"plastic > thermoplastic"	"Business & Industrial > Industrial Machinery > Cleaning Equipment"	"Professional Laser Cleaning"	"Hourly Rate: $390/hour"	"Est. Range: $390-$780"
"polytetrafluoroethylene-ptfe-laser-cleaning-professionalCleaning"	"PTFE Laser Cleaning"	""	"https://www.z-beam.com/materials/plastic/thermoplastic/polytetrafluoroethylene-ptfe-laser-cleaning"	"https://www.z-beam.com/images/material/polytetrafluoroethylene-ptfe-laser-cleaning-hero.jpg"	"390 USD"	"in stock"	"new"	"Z-Beam"	"ZB-PROF-CLEAN-polytetrafluoroethylene-ptfe-laser-cleaning"	"plastic > thermoplastic"	"Business & Industrial > Industrial Machinery > Cleaning Equipment"	"Professional Laser Cleaning"	"Hourly Rate: $390/hour"	"Est. Range: $390-$780"
"polyvinyl-chloride-laser-cleaning-professionalCleaning"	"PVC Laser Cleaning"	""	"https://www.z-beam.com/materials/plastic/thermoplastic/polyvinyl-chloride-laser-cleaning"	"https://www.z-beam.com/images/material/polyvinyl-chloride-laser-cleaning-hero.jpg"	"390 USD"	"in stock"	"new"	"Z-Beam"	"ZB-PROF-CLEAN-polyvinyl-chloride-laser-cleaning"	"plastic > thermoplastic"	"Business & Industrial > Industrial Machinery > Cleaning Equipment"	"Professional Laser Cleaning"	"Hourly Rate: $390/hour"	"Est. Range: $390-$780"
"poplar-laser-cleaning-professionalCleaning"	"Poplar Laser Cleaning"	""	"https://www.z-beam.com/materials/wood/hardwood/poplar-laser-cleaning"	"https://www.z-beam.com/images/material/poplar-laser-cleaning-hero.jpg"	"390 USD"	"in stock"	"new"	"Z-Beam"	"ZB-PROF-CLEAN-poplar-laser-cleaning"	"wood > hardwood"	"Business & Industrial > Industrial Machinery > Cleaning Equipment"	"Professional Laser Cleaning"	"Hourly Rate: $390/hour"	"Est. Range: $390-$1170"
"porcelain-laser-cleaning-professionalCleaning"	"Porcelain Laser Cleaning"	""	"https://www.z-beam.com/materials/ceramic/oxide/porcelain-laser-cleaning"	"https://www.z-beam.com/images/material/porcelain-laser-cleaning-hero.jpg"	"390 USD"	"in stock"	"new"	"Z-Beam"	"ZB-PROF-CLEAN-porcelain-laser-cleaning"	"ceramic > oxide"	"Business & Industrial > Industrial Machinery > Cleaning Equipment"	"Professional Laser Cleaning"	"Hourly Rate: $390/hour"	"Est. Range: $390-$1170"
"porphyry-laser-cleaning-professionalCleaning"	"Porphyry Laser Cleaning"	""	"https://www.z-beam.com/materials/stone/sedimentary/porphyry-laser-cleaning"	"https://www.z-beam.com/images/material/porphyry-laser-cleaning-hero.jpg"	"390 USD"	"in stock"	"new"	"Z-Beam"	"ZB-PROF-CLEAN-porphyry-laser-cleaning"	"stone > sedimentary"	"Business & Industrial > Industrial Machinery > Cleaning Equipment"	"Professional Laser Cleaning"	"Hourly Rate: $390/hour"	"Est. Range: $780-$2340"
"praseodymium-laser-cleaning-professionalCleaning"	"Praseodymium Laser Cleaning"	""	"https://www.z-beam.com/materials/rare-earth/lanthanide/praseodymium-laser-cleaning"	"https://www.z-beam.com/images/material/praseodymium-laser-cleaning-hero.jpg"	"390 USD"	"in stock"	"new"	"Z-Beam"	"ZB-PROF-CLEAN-praseodymium-laser-cleaning"	"rare-earth > lanthanide"	"Business & Industrial > Industrial Machinery > Cleaning Equipment"	"Professional Laser Cleaning"	"Hourly Rate: $390/hour"	"Est. Range: $780-$2340"
"pyrex-laser-cleaning-professionalCleaning"	"Pyrex Laser Cleaning"	""	"https://www.z-beam.com/materials/glass/soda-lime/pyrex-laser-cleaning"	"https://www.z-beam.com/images/material/pyrex-laser-cleaning-hero.jpg"	"390 USD"	"in stock"	"new"	"Z-Beam"	"ZB-PROF-CLEAN-pyrex-laser-cleaning"	"glass > soda-lime"	"Business & Industrial > Industrial Machinery > Cleaning Equipment"	"Professional Laser Cleaning"	"Hourly Rate: $390/hour"	"Est. Range: $390-$1170"
"quartz-glass-laser-cleaning-professionalCleaning"	"Quartz Glass Laser Cleaning"	""	"https://www.z-beam.com/materials/glass/soda-lime/quartz-glass-laser-cleaning"	"https://www.z-beam.com/images/material/quartz-glass-laser-cleaning-hero.jpg"	"390 USD"	"in stock"	"new"	"Z-Beam"	"ZB-PROF-CLEAN-quartz-glass-laser-cleaning"	"glass > soda-lime"	"Business & Industrial > Industrial Machinery > Cleaning Equipment"	"Professional Laser Cleaning"	"Hourly Rate: $390/hour"	"Est. Range: $390-$1170"
"quartzite-laser-cleaning-professionalCleaning"	"Quartzite Laser Cleaning"	""	"https://www.z-beam.com/materials/stone/sedimentary/quartzite-laser-cleaning"	"https://www.z-beam.com/images/material/quartzite-laser-cleaning-hero.jpg"	"390 USD"	"in stock"	"new"	"Z-Beam"	"ZB-PROF-CLEAN-quartzite-laser-cleaning"	"stone > sedimentary"	"Business & Industrial > Industrial Machinery > Cleaning Equipment"	"Professional Laser Cleaning"	"Hourly Rate: $390/hour"	"Est. Range: $780-$2340"
"redwood-laser-cleaning-professionalCleaning"	"Redwood Laser Cleaning"	""	"https://www.z-beam.com/materials/wood/hardwood/redwood-laser-cleaning"	"https://www.z-beam.com/images/material/redwood-laser-cleaning-hero.jpg"	"390 USD"	"in stock"	"new"	"Z-Beam"	"ZB-PROF-CLEAN-redwood-laser-cleaning"	"wood > hardwood"	"Business & Industrial > Industrial Machinery > Cleaning Equipment"	"Professional Laser Cleaning"	"Hourly Rate: $390/hour"	"Est. Range: $390-$1170"
"rhenium-laser-cleaning-professionalCleaning"	"Rhenium Laser Cleaning"	""	"https://www.z-beam.com/materials/metal/non-ferrous/rhenium-laser-cleaning"	"https://www.z-beam.com/images/material/rhenium-laser-cleaning-hero.jpg"	"390 USD"	"in stock"	"new"	"Z-Beam"	"ZB-PROF-CLEAN-rhenium-laser-cleaning"	"metal > non-ferrous"	"Business & Industrial > Industrial Machinery > Cleaning Equipment"	"Professional Laser Cleaning"	"Hourly Rate: $390/hour"	"Est. Range: $390-$1170"
"rhodium-laser-cleaning-professionalCleaning"	"Rhodium Laser Cleaning"	""	"https://www.z-beam.com/materials/metal/non-ferrous/rhodium-laser-cleaning"	"https://www.z-beam.com/images/material/rhodium-laser-cleaning-hero.jpg"	"390 USD"	"in stock"	"new"	"Z-Beam"	"ZB-PROF-CLEAN-rhodium-laser-cleaning"	"metal > non-ferrous"	"Business & Industrial > Industrial Machinery > Cleaning Equipment"	"Professional Laser Cleaning"	"Hourly Rate: $390/hour"	"Est. Range: $390-$1170"
"rosewood-laser-cleaning-professionalCleaning"	"Rosewood Laser Cleaning"	""	"https://www.z-beam.com/materials/wood/hardwood/rosewood-laser-cleaning"	"https://www.z-beam.com/images/material/rosewood-laser-cleaning-hero.jpg"	"390 USD"	"in stock"	"new"	"Z-Beam"	"ZB-PROF-CLEAN-rosewood-laser-cleaning"	"wood > hardwood"	"Business & Industrial > Industrial Machinery > Cleaning Equipment"	"Professional Laser Cleaning"	"Hourly Rate: $390/hour"	"Est. Range: $390-$1170"
"rubber-laser-cleaning-professionalCleaning"	"Rubber Laser Cleaning"	""	"https://www.z-beam.com/materials/composite/fiber-reinforced/rubber-laser-cleaning"	"https://www.z-beam.com/images/material/rubber-laser-cleaning-hero.jpg"	"390 USD"	"in stock"	"new"	"Z-Beam"	"ZB-PROF-CLEAN-rubber-laser-cleaning"	"composite > fiber-reinforced"	"Business & Industrial > Industrial Machinery > Cleaning Equipment"	"Professional Laser Cleaning"	"Hourly Rate: $390/hour"	"Est. Range: $390-$780"
"ruthenium-laser-cleaning-professionalCleaning"	"Ruthenium Laser Cleaning"	""	"https://www.z-beam.com/materials/metal/non-ferrous/ruthenium-laser-cleaning"	"https://www.z-beam.com/images/material/ruthenium-laser-cleaning-hero.jpg"	"390 USD"	"in stock"	"new"	"Z-Beam"	"ZB-PROF-CLEAN-ruthenium-laser-cleaning"	"metal > non-ferrous"	"Business & Industrial > Industrial Machinery > Cleaning Equipment"	"Professional Laser Cleaning"	"Hourly Rate: $390/hour"	"Est. Range: $390-$1170"
"sandstone-laser-cleaning-professionalCleaning"	"Sandstone Laser Cleaning"	""	"https://www.z-beam.com/materials/stone/sedimentary/sandstone-laser-cleaning"	"https://www.z-beam.com/images/material/sandstone-laser-cleaning-hero.jpg"	"390 USD"	"in stock"	"new"	"Z-Beam"	"ZB-PROF-CLEAN-sandstone-laser-cleaning"	"stone > sedimentary"	"Business & Industrial > Industrial Machinery > Cleaning Equipment"	"Professional Laser Cleaning"	"Hourly Rate: $390/hour"	"Est. Range: $780-$2340"
"sapphire-glass-laser-cleaning-professionalCleaning"	"Sapphire Glass Laser Cleaning"	""	"https://www.z-beam.com/materials/glass/soda-lime/sapphire-glass-laser-cleaning"	"https://www.z-beam.com/images/material/sapphire-glass-laser-cleaning-hero.jpg"	"390 USD"	"in stock"	"new"	"Z-Beam"	"ZB-PROF-CLEAN-sapphire-glass-laser-cleaning"	"glass > soda-lime"	"Business & Industrial > Industrial Machinery > Cleaning Equipment"	"Professional Laser Cleaning"	"Hourly Rate: $390/hour"	"Est. Range: $390-$1170"
"schist-laser-cleaning-professionalCleaning"	"Schist Laser Cleaning"	""	"https://www.z-beam.com/materials/stone/sedimentary/schist-laser-cleaning"	"https://www.z-beam.com/images/material/schist-laser-cleaning-hero.jpg"	"390 USD"	"in stock"	"new"	"Z-Beam"	"ZB-PROF-CLEAN-schist-laser-cleaning"	"stone > sedimentary"	"Business & Industrial > Industrial Machinery > Cleaning Equipment"	"Professional Laser Cleaning"	"Hourly Rate: $390/hour"	"Est. Range: $780-$2340"
"serpentine-laser-cleaning-professionalCleaning"	"Serpentine Laser Cleaning"	""	"https://www.z-beam.com/materials/stone/sedimentary/serpentine-laser-cleaning"	"https://www.z-beam.com/images/material/serpentine-laser-cleaning-hero.jpg"	"390 USD"	"in stock"	"new"	"Z-Beam"	"ZB-PROF-CLEAN-serpentine-laser-cleaning"	"stone > sedimentary"	"Business & Industrial > Industrial Machinery > Cleaning Equipment"	"Professional Laser Cleaning"	"Hourly Rate: $390/hour"	"Est. Range: $780-$2340"
"shale-laser-cleaning-professionalCleaning"	"Shale Laser Cleaning"	""	"https://www.z-beam.com/materials/stone/sedimentary/shale-laser-cleaning"	"https://www.z-beam.com/images/material/shale-laser-cleaning-hero.jpg"	"390 USD"	"in stock"	"new"	"Z-Beam"	"ZB-PROF-CLEAN-shale-laser-cleaning"	"stone > sedimentary"	"Business & Industrial > Industrial Machinery > Cleaning Equipment"	"Professional Laser Cleaning"	"Hourly Rate: $390/hour"	"Est. Range: $780-$2340"
"silicon-carbide-sic-laser-cleaning-professionalCleaning"	"Silicon Carbide Laser Cleaning"	""	"https://www.z-beam.com/materials/ceramic/carbide/silicon-carbide-sic-laser-cleaning"	"https://www.z-beam.com/images/material/silicon-carbide-sic-laser-cleaning-hero.jpg"	"390 USD"	"in stock"	"new"	"Z-Beam"	"ZB-PROF-CLEAN-silicon-carbide-sic-laser-cleaning"	"ceramic > carbide"	"Business & Industrial > Industrial Machinery > Cleaning Equipment"	"Professional Laser Cleaning"	"Hourly Rate: $390/hour"	"Est. Range: $390-$1170"
"silicon-germanium-laser-cleaning-professionalCleaning"	"Silicon Germanium Laser Cleaning"	""	"https://www.z-beam.com/materials/semiconductor/elemental/silicon-germanium-laser-cleaning"	"https://www.z-beam.com/images/material/silicon-germanium-laser-cleaning-hero.jpg"	"390 USD"	"in stock"	"new"	"Z-Beam"	"ZB-PROF-CLEAN-silicon-germanium-laser-cleaning"	"semiconductor > elemental"	"Business & Industrial > Industrial Machinery > Cleaning Equipment"	"Professional Laser Cleaning"	"Hourly Rate: $390/hour"	"Est. Range: $390-$1560"
"silicon-laser-cleaning-professionalCleaning"	"Silicon Laser Cleaning"	""	"https://www.z-beam.com/materials/semiconductor/elemental/silicon-laser-cleaning"	"https://www.z-beam.com/images/material/silicon-laser-cleaning-hero.jpg"	"390 USD"	"in stock"	"new"	"Z-Beam"	"ZB-PROF-CLEAN-silicon-laser-cleaning"	"semiconductor > elemental"	"Business & Industrial > Industrial Machinery > Cleaning Equipment"	"Professional Laser Cleaning"	"Hourly Rate: $390/hour"	"Est. Range: $390-$1560"
"silicon-nitride-laser-cleaning-professionalCleaning"	"Silicon Nitride Laser Cleaning"	""	"https://www.z-beam.com/materials/ceramic/oxide/silicon-nitride-laser-cleaning"	"https://www.z-beam.com/images/material/silicon-nitride-laser-cleaning-hero.jpg"	"390 USD"	"in stock"	"new"	"Z-Beam"	"ZB-PROF-CLEAN-silicon-nitride-laser-cleaning"	"ceramic > oxide"	"Business & Industrial > Industrial Machinery > Cleaning Equipment"	"Professional Laser Cleaning"	"Hourly Rate: $390/hour"	"Est. Range: $390-$1170"
"silver-laser-cleaning-professionalCleaning"	"Silver Laser Cleaning"	""	"https://www.z-beam.com/materials/metal/non-ferrous/silver-laser-cleaning"	"https://www.z-beam.com/images/material/silver-laser-cleaning-hero.jpg"	"390 USD"	"in stock"	"new"	"Z-Beam"	"ZB-PROF-CLEAN-silver-laser-cleaning"	"metal > non-ferrous"	"Business & Industrial > Industrial Machinery > Cleaning Equipment"	"Professional Laser Cleaning"	"Hourly Rate: $390/hour"	"Est. Range: $390-$1170"
"slate-laser-cleaning-professionalCleaning"	"Slate Laser Cleaning"	""	"https://www.z-beam.com/materials/stone/metamorphic/slate-laser-cleaning"	"https://www.z-beam.com/images/material/slate-laser-cleaning-hero.jpg"	"390 USD"	"in stock"	"new"	"Z-Beam"	"ZB-PROF-CLEAN-slate-laser-cleaning"	"stone > metamorphic"	"Business & Industrial > Industrial Machinery > Cleaning Equipment"	"Professional Laser Cleaning"	"Hourly Rate: $390/hour"	"Est. Range: $780-$2340"
"soapstone-laser-cleaning-professionalCleaning"	"Soapstone Laser Cleaning"	""	"https://www.z-beam.com/materials/stone/sedimentary/soapstone-laser-cleaning"	"https://www.z-beam.com/images/material/soapstone-laser-cleaning-hero.jpg"	"390 USD"	"in stock"	"new"	"Z-Beam"	"ZB-PROF-CLEAN-soapstone-laser-cleaning"	"stone > sedimentary"	"Business & Industrial > Industrial Machinery > Cleaning Equipment"	"Professional Laser Cleaning"	"Hourly Rate: $390/hour"	"Est. Range: $780-$2340"
"soda-lime-glass-laser-cleaning-professionalCleaning"	"Soda-Lime Glass Laser Cleaning"	""	"https://www.z-beam.com/materials/glass/specialty-glass/soda-lime-glass-laser-cleaning"	"https://www.z-beam.com/images/material/soda-lime-glass-laser-cleaning-hero.jpg"	"390 USD"	"in stock"	"new"	"Z-Beam"	"ZB-PROF-CLEAN-soda-lime-glass-laser-cleaning"	"glass > specialty-glass"	"Business & Industrial > Industrial Machinery > Cleaning Equipment"	"Professional Laser Cleaning"	"Hourly Rate: $390/hour"	"Est. Range: $390-$1170"
"stainless-steel-304-laser-cleaning-professionalCleaning"	"Stainless Steel 304 Laser Cleaning"	""	"https://www.z-beam.com/materials/metal/alloy/stainless-steel-304-laser-cleaning"	"https://www.z-beam.com/images/material/stainless-steel-304-laser-cleaning-hero.jpg"	"390 USD"	"in stock"	"new"	"Z-Beam"	"ZB-PROF-CLEAN-stainless-steel-304-laser-cleaning"	"metal > alloy"	"Business & Industrial > Industrial Machinery > Cleaning Equipment"	"Professional Laser Cleaning"	"Hourly Rate: $390/hour"	"Est. Range: $390-$1560"
"stainless-steel-316-laser-cleaning-professionalCleaning"	"Stainless Steel 316 Laser Cleaning"	""	"https://www.z-beam.com/materials/metal/alloy/stainless-steel-316-laser-cleaning"	"https://www.z-beam.com/images/material/stainless-steel-316-laser-cleaning-hero.jpg"	"390 USD"	"in stock"	"new"	"Z-Beam"	"ZB-PROF-CLEAN-stainless-steel-316-laser-cleaning"	"metal > alloy"	"Business & Industrial > Industrial Machinery > Cleaning Equipment"	"Professional Laser Cleaning"	"Hourly Rate: $390/hour"	"Est. Range: $390-$1560"
"stainless-steel-laser-cleaning-professionalCleaning"	"Stainless Steel Laser Cleaning"	""	"https://www.z-beam.com/materials/metal/ferrous/stainless-steel-laser-cleaning"	"https://www.z-beam.com/images/material/stainless-steel-laser-cleaning-hero.jpg"	"390 USD"	"in stock"	"new"	"Z-Beam"	"ZB-PROF-CLEAN-stainless-steel-laser-cleaning"	"metal > ferrous"	"Business & Industrial > Industrial Machinery > Cleaning Equipment"	"Professional Laser Cleaning"	"Hourly Rate: $390/hour"	"Est. Range: $390-$1560"
"steel-laser-cleaning-professionalCleaning"	"Steel Laser Cleaning"	""	"https://www.z-beam.com/materials/metal/ferrous/steel-laser-cleaning"	"https://www.z-beam.com/images/material/steel-laser-cleaning-hero.jpg"	"390 USD"	"in stock"	"new"	"Z-Beam"	"ZB-PROF-CLEAN-steel-laser-cleaning"	"metal > ferrous"	"Business & Industrial > Industrial Machinery > Cleaning Equipment"	"Professional Laser Cleaning"	"Hourly Rate: $390/hour"	"Est. Range: $390-$1560"
"stoneware-laser-cleaning-professionalCleaning"	"Stoneware Laser Cleaning"	""	"https://www.z-beam.com/materials/ceramic/oxide/stoneware-laser-cleaning"	"https://www.z-beam.com/images/material/stoneware-laser-cleaning-hero.jpg"	"390 USD"	"in stock"	"new"	"Z-Beam"	"ZB-PROF-CLEAN-stoneware-laser-cleaning"	"ceramic > oxide"	"Business & Industrial > Industrial Machinery > Cleaning Equipment"	"Professional Laser Cleaning"	"Hourly Rate: $390/hour"	"Est. Range: $390-$1170"
"stucco-laser-cleaning-professionalCleaning"	"Stucco Laser Cleaning"	""	"https://www.z-beam.com/materials/masonry/concrete/stucco-laser-cleaning"	"https://www.z-beam.com/images/material/stucco-laser-cleaning-hero.jpg"	"390 USD"	"in stock"	"new"	"Z-Beam"	"ZB-PROF-CLEAN-stucco-laser-cleaning"	"masonry > concrete"	"Business & Industrial > Industrial Machinery > Cleaning Equipment"	"Professional Laser Cleaning"	"Hourly Rate: $390/hour"	"Est. Range: $780-$2340"
"tantalum-laser-cleaning-professionalCleaning"	"Tantalum Laser Cleaning"	""	"https://www.z-beam.com/materials/metal/alloy/tantalum-laser-cleaning"	"https://www.z-beam.com/images/material/tantalum-laser-cleaning-hero.jpg"	"390 USD"	"in stock"	"new"	"Z-Beam"	"ZB-PROF-CLEAN-tantalum-laser-cleaning"	"metal > alloy"	"Business & Industrial > Industrial Machinery > Cleaning Equipment"	"Professional Laser Cleaning"	"Hourly Rate: $390/hour"	"Est. Range: $390-$1560"
"teak-laser-cleaning-professionalCleaning"	"Teak Laser Cleaning"	""	"https://www.z-beam.com/materials/wood/hardwood/teak-laser-cleaning"	"https://www.z-beam.com/images/material/teak-laser-cleaning-hero.jpg"	"390 USD"	"in stock"	"new"	"Z-Beam"	"ZB-PROF-CLEAN-teak-laser-cleaning"	"wood > hardwood"	"Business & Industrial > Industrial Machinery > Cleaning Equipment"	"Professional Laser Cleaning"	"Hourly Rate: $390/hour"	"Est. Range: $390-$1170"
"tempered-glass-laser-cleaning-professionalCleaning"	"Tempered Glass Laser Cleaning"	""	"https://www.z-beam.com/materials/glass/specialty-glass/tempered-glass-laser-cleaning"	"https://www.z-beam.com/images/material/tempered-glass-laser-cleaning-hero.jpg"	"390 USD"	"in stock"	"new"	"Z-Beam"	"ZB-PROF-CLEAN-tempered-glass-laser-cleaning"	"glass > specialty-glass"	"Business & Industrial > Industrial Machinery > Cleaning Equipment"	"Professional Laser Cleaning"	"Hourly Rate: $390/hour"	"Est. Range: $390-$1170"
"terbium-laser-cleaning-professionalCleaning"	"Terbium Laser Cleaning"	""	"https://www.z-beam.com/materials/rare-earth/lanthanide/terbium-laser-cleaning"	"https://www.z-beam.com/images/material/terbium-laser-cleaning-hero.jpg"	"390 USD"	"in stock"	"new"	"Z-Beam"	"ZB-PROF-CLEAN-terbium-laser-cleaning"	"rare-earth > lanthanide"	"Business & Industrial > Industrial Machinery > Cleaning Equipment"	"Professional Laser Cleaning"	"Hourly Rate: $390/hour"	"Est. Range: $780-$2340"
"terracotta-laser-cleaning-professionalCleaning"	"Terracotta Laser Cleaning"	""	"https://www.z-beam.com/materials/masonry/concrete/terracotta-laser-cleaning"	"https://www.z-beam.com/images/material/terracotta-laser-cleaning-hero.jpg"	"390 USD"	"in stock"	"new"	"Z-Beam"	"ZB-PROF-CLEAN-terracotta-laser-cleaning"	"masonry > concrete"	"Business & Industrial > Industrial Machinery > Cleaning Equipment"	"Professional Laser Cleaning"	"Hourly Rate: $390/hour"	"Est. Range: $780-$2340"
"thermoplastic-elastomer-laser-cleaning-professionalCleaning"	"Thermoplastic Elastomer Laser Cleaning"	""	"https://www.z-beam.com/materials/composite/structural/thermoplastic-elastomer-laser-cleaning"	"https://www.z-beam.com/images/material/thermoplastic-elastomer-laser-cleaning-hero.jpg"	"390 USD"	"in stock"	"new"	"Z-Beam"	"ZB-PROF-CLEAN-thermoplastic-elastomer-laser-cleaning"	"composite > structural"	"Business & Industrial > Industrial Machinery > Cleaning Equipment"	"Professional Laser Cleaning"	"Hourly Rate: $390/hour"	"Est. Range: $390-$780"
"tin-laser-cleaning-professionalCleaning"	"Tin Laser Cleaning"	""	"https://www.z-beam.com/materials/metal/alloy/tin-laser-cleaning"	"https://www.z-beam.com/images/material/tin-laser-cleaning-hero.jpg"	"390 USD"	"in stock"	"new"	"Z-Beam"	"ZB-PROF-CLEAN-tin-laser-cleaning"	"metal > alloy"	"Business & Industrial > Industrial Machinery > Cleaning Equipment"	"Professional Laser Cleaning"	"Hourly Rate: $390/hour"	"Est. Range: $390-$1560"
"titanium-alloy-ti-6al-4v-laser-cleaning-professionalCleaning"	"Titanium Alloy (Ti-6Al-4V) Laser Cleaning"	""	"https://www.z-beam.com/materials/metal/alloy/titanium-alloy-ti-6al-4v-laser-cleaning"	"https://www.z-beam.com/images/material/titanium-alloy-ti-6al-4v-laser-cleaning-hero.jpg"	"390 USD"	"in stock"	"new"	"Z-Beam"	"ZB-PROF-CLEAN-titanium-alloy-ti-6al-4v-laser-cleaning"	"metal > alloy"	"Business & Industrial > Industrial Machinery > Cleaning Equipment"	"Professional Laser Cleaning"	"Hourly Rate: $390/hour"	"Est. Range: $390-$1560"
"titanium-carbide-laser-cleaning-professionalCleaning"	"Titanium Carbide Laser Cleaning"	""	"https://www.z-beam.com/materials/ceramic/oxide/titanium-carbide-laser-cleaning"	"https://www.z-beam.com/images/material/titanium-carbide-laser-cleaning-hero.jpg"	"390 USD"	"in stock"	"new"	"Z-Beam"	"ZB-PROF-CLEAN-titanium-carbide-laser-cleaning"	"ceramic > oxide"	"Business & Industrial > Industrial Machinery > Cleaning Equipment"	"Professional Laser Cleaning"	"Hourly Rate: $390/hour"	"Est. Range: $390-$1170"
"titanium-laser-cleaning-professionalCleaning"	"Titanium Laser Cleaning"	""	"https://www.z-beam.com/materials/metal/specialty/titanium-laser-cleaning"	"https://www.z-beam.com/images/material/titanium-laser-cleaning-hero.jpg"	"390 USD"	"in stock"	"new"	"Z-Beam"	"ZB-PROF-CLEAN-titanium-laser-cleaning"	"metal > specialty"	"Business & Industrial > Industrial Machinery > Cleaning Equipment"	"Professional Laser Cleaning"	"Hourly Rate: $390/hour"	"Est. Range: $780-$2340"
"titanium-nitride-laser-cleaning-professionalCleaning"	"Titanium Nitride Laser Cleaning"	""	"https://www.z-beam.com/materials/ceramic/coating/titanium-nitride-laser-cleaning"	"https://www.z-beam.com/images/material/titanium-nitride-laser-cleaning-hero.jpg"	"390 USD"	"in stock"	"new"	"Z-Beam"	"ZB-PROF-CLEAN-titanium-nitride-laser-cleaning"	"ceramic > coating"	"Business & Industrial > Industrial Machinery > Cleaning Equipment"	"Professional Laser Cleaning"	"Hourly Rate: $390/hour"	"Est. Range: $390-$1560"
"tool-steel-laser-cleaning-professionalCleaning"	"Tool Steel Laser Cleaning"	""	"https://www.z-beam.com/materials/metal/alloy/tool-steel-laser-cleaning"	"https://www.z-beam.com/images/material/tool-steel-laser-cleaning-hero.jpg"	"390 USD"	"in stock"	"new"	"Z-Beam"	"ZB-PROF-CLEAN-tool-steel-laser-cleaning"	"metal > alloy"	"Business & Industrial > Industrial Machinery > Cleaning Equipment"	"Professional Laser Cleaning"	"Hourly Rate: $390/hour"	"Est. Range: $390-$1560"
"travertine-laser-cleaning-professionalCleaning"	"Travertine Laser Cleaning"	""	"https://www.z-beam.com/materials/stone/natural/travertine-laser-cleaning"	"https://www.z-beam.com/images/material/travertine-laser-cleaning-hero.jpg"	"390 USD"	"in stock"	"new"	"Z-Beam"	"ZB-PROF-CLEAN-travertine-laser-cleaning"	"stone > natural"	"Business & Industrial > Industrial Machinery > Cleaning Equipment"	"Professional Laser Cleaning"	"Hourly Rate: $390/hour"	"Est. Range: $780-$2340"
"tungsten-carbide-laser-cleaning-professionalCleaning"	"Tungsten Carbide Laser Cleaning"	""	"https://www.z-beam.com/materials/ceramic/oxide/tungsten-carbide-laser-cleaning"	"https://www.z-beam.com/images/material/tungsten-carbide-laser-cleaning-hero.jpg"	"390 USD"	"in stock"	"new"	"Z-Beam"	"ZB-PROF-CLEAN-tungsten-carbide-laser-cleaning"	"ceramic > oxide"	"Business & Industrial > Industrial Machinery > Cleaning Equipment"	"Professional Laser Cleaning"	"Hourly Rate: $390/hour"	"Est. Range: $390-$1170"
"tungsten-laser-cleaning-professionalCleaning"	"Tungsten Laser Cleaning"	""	"https://www.z-beam.com/materials/metal/alloy/tungsten-laser-cleaning"	"https://www.z-beam.com/images/material/tungsten-laser-cleaning-hero.jpg"	"390 USD"	"in stock"	"new"	"Z-Beam"	"ZB-PROF-CLEAN-tungsten-laser-cleaning"	"metal > alloy"	"Business & Industrial > Industrial Machinery > Cleaning Equipment"	"Professional Laser Cleaning"	"Hourly Rate: $390/hour"	"Est. Range: $390-$1560"
"urethane-composites-laser-cleaning-professionalCleaning"	"Urethane Composites Laser Cleaning"	""	"https://www.z-beam.com/materials/composite/structural/urethane-composites-laser-cleaning"	"https://www.z-beam.com/images/material/urethane-composites-laser-cleaning-hero.jpg"	"390 USD"	"in stock"	"new"	"Z-Beam"	"ZB-PROF-CLEAN-urethane-composites-laser-cleaning"	"composite > structural"	"Business & Industrial > Industrial Machinery > Cleaning Equipment"	"Professional Laser Cleaning"	"Hourly Rate: $390/hour"	"Est. Range: $390-$780"
"vanadium-laser-cleaning-professionalCleaning"	"Vanadium Laser Cleaning"	""	"https://www.z-beam.com/materials/metal/alloy/vanadium-laser-cleaning"	"https://www.z-beam.com/images/material/vanadium-laser-cleaning-hero.jpg"	"390 USD"	"in stock"	"new"	"Z-Beam"	"ZB-PROF-CLEAN-vanadium-laser-cleaning"	"metal > alloy"	"Business & Industrial > Industrial Machinery > Cleaning Equipment"	"Professional Laser Cleaning"	"Hourly Rate: $390/hour"	"Est. Range: $390-$1560"
"walnut-laser-cleaning-professionalCleaning"	"Walnut Laser Cleaning"	""	"https://www.z-beam.com/materials/wood/hardwood/walnut-laser-cleaning"	"https://www.z-beam.com/images/material/walnut-laser-cleaning-hero.jpg"	"390 USD"	"in stock"	"new"	"Z-Beam"	"ZB-PROF-CLEAN-walnut-laser-cleaning"	"wood > hardwood"	"Business & Industrial > Industrial Machinery > Cleaning Equipment"	"Professional Laser Cleaning"	"Hourly Rate: $390/hour"	"Est. Range: $390-$1170"
"willow-laser-cleaning-professionalCleaning"	"Willow Laser Cleaning"	""	"https://www.z-beam.com/materials/wood/hardwood/willow-laser-cleaning"	"https://www.z-beam.com/images/material/willow-laser-cleaning-hero.jpg"	"390 USD"	"in stock"	"new"	"Z-Beam"	"ZB-PROF-CLEAN-willow-laser-cleaning"	"wood > hardwood"	"Business & Industrial > Industrial Machinery > Cleaning Equipment"	"Professional Laser Cleaning"	"Hourly Rate: $390/hour"	"Est. Range: $390-$1170"
"yttria-stabilized-zirconia-laser-cleaning-professionalCleaning"	"Yttria-Stabilized Zirconia Laser Cleaning"	""	"https://www.z-beam.com/materials/ceramic/technical/yttria-stabilized-zirconia-laser-cleaning"	"https://www.z-beam.com/images/material/yttria-stabilized-zirconia-laser-cleaning-hero.jpg"	"390 USD"	"in stock"	"new"	"Z-Beam"	"ZB-PROF-CLEAN-yttria-stabilized-zirconia-laser-cleaning"	"ceramic > technical"	"Business & Industrial > Industrial Machinery > Cleaning Equipment"	"Professional Laser Cleaning"	"Hourly Rate: $390/hour"	"Est. Range: $390-$1170"
"yttrium-laser-cleaning-professionalCleaning"	"Yttrium Laser Cleaning"	""	"https://www.z-beam.com/materials/rare-earth/scandium-group/yttrium-laser-cleaning"	"https://www.z-beam.com/images/material/yttrium-laser-cleaning-hero.jpg"	"390 USD"	"in stock"	"new"	"Z-Beam"	"ZB-PROF-CLEAN-yttrium-laser-cleaning"	"rare-earth > scandium-group"	"Business & Industrial > Industrial Machinery > Cleaning Equipment"	"Professional Laser Cleaning"	"Hourly Rate: $390/hour"	"Est. Range: $780-$2340"
"zinc-laser-cleaning-professionalCleaning"	"Zinc Laser Cleaning"	""	"https://www.z-beam.com/materials/metal/alloy/zinc-laser-cleaning"	"https://www.z-beam.com/images/material/zinc-laser-cleaning-hero.jpg"	"390 USD"	"in stock"	"new"	"Z-Beam"	"ZB-PROF-CLEAN-zinc-laser-cleaning"	"metal > alloy"	"Business & Industrial > Industrial Machinery > Cleaning Equipment"	"Professional Laser Cleaning"	"Hourly Rate: $390/hour"	"Est. Range: $390-$1560"
"zirconia-laser-cleaning-professionalCleaning"	"Zirconia Laser Cleaning"	""	"https://www.z-beam.com/materials/ceramic/oxide/zirconia-laser-cleaning"	"https://www.z-beam.com/images/material/zirconia-laser-cleaning-hero.jpg"	"390 USD"	"in stock"	"new"	"Z-Beam"	"ZB-PROF-CLEAN-zirconia-laser-cleaning"	"ceramic > oxide"	"Business & Industrial > Industrial Machinery > Cleaning Equipment"	"Professional Laser Cleaning"	"Hourly Rate: $390/hour"	"Est. Range: $390-$1170"
"zirconium-laser-cleaning-professionalCleaning"	"Zirconium Laser Cleaning"	""	"https://www.z-beam.com/materials/metal/alloy/zirconium-laser-cleaning"	"https://www.z-beam.com/images/material/zirconium-laser-cleaning-hero.jpg"	"390 USD"	"in stock"	"new"	"Z-Beam"	"ZB-PROF-CLEAN-zirconium-laser-cleaning"	"metal > alloy"	"Business & Industrial > Industrial Machinery > Cleaning Equipment"	"Professional Laser Cleaning"	"Hourly Rate: $390/hour"	"Est. Range: $390-$1560"
